species_id	hgnc_symbol	uniprot	ensembl	chebi	compartment	module	taxonomy	notes
ISG20__nuc	ISG20				nucleus	M1	9606	imported from pilot_R-HSA-909733; raw name: ISG20
GBP2__cyto	GBP2				cytosol	M1	9606	imported from pilot_R-HSA-909733; raw name: GBP2
IFIT2__cyto	IFIT2				cytosol	M1	9606	imported from pilot_R-HSA-909733; raw name: IFIT2
IFI27__mito	IFI27				mitochondrion	M1	9606	imported from pilot_R-HSA-909733; raw name: IFI27
XAF1__cyto	XAF1				cytosol	M1	9606	imported from pilot_R-HSA-909733; raw name: XAF1
IFITM2__cyto	IFITM2				cytosol	M1	9606	imported from pilot_R-HSA-909733; raw name: IFITM2
RNASEL__cyto	RNASEL				cytosol	M1	9606	imported from pilot_R-HSA-909733; raw name: RNASEL
IP6K2__nuc	IP6K2				nucleus	M1	9606	imported from pilot_R-HSA-909733; raw name: IP6K2
IFITM3__cyto	IFITM3				cytosol	M1	9606	imported from pilot_R-HSA-909733; raw name: IFITM3
MX_family__cyto					cytosol	M1	9606	imported from pilot_R-HSA-909733; raw name: Mx GTPases
IRF_family__cyto					cytosol	M1	9606	imported from pilot_R-HSA-909733; raw name: IRF 1-9
OAS_family__cyto					cytosol	M1	9606	imported from pilot_R-HSA-909733; raw name: OAS proteins
ISGF3_bound_to_ISRE_promotor_elements__nuc					nucleus	M1	9606	imported from pilot_R-HSA-909733; raw name: ISGF3 bound to ISRE promotor elements
EGR1__cyto	EGR1				cytosol	M1	9606	imported from pilot_R-HSA-909733; raw name: EGR1
ATP__cyto	ATP				cytosol	M1	9606	imported from pilot_R-HSA-909733; raw name: ATP
PTPN11__cyto	PTPN11				cytosol	M1	9606	imported from pilot_R-HSA-909733; raw name: PTPN11
EIF2AK2__cyto	EIF2AK2				cytosol	M1	9606	imported from pilot_R-HSA-909733; raw name: EIF2AK2
PSMB8__nuc	PSMB8				nucleus	M1	9606	imported from pilot_R-HSA-909733; raw name: PSMB8
KPNA1__cyto	KPNA1				cytosol	M1	9606	imported from pilot_R-HSA-909733; raw name: KPNA1
KPNB1__nuc	KPNB1				nucleus	M1	9606	imported from pilot_R-HSA-909733; raw name: KPNB1
KPNB1__cyto	KPNB1				cytosol	M1	9606	imported from pilot_R-HSA-909733; raw name: KPNB1
KPNA1__nuc	KPNA1				nucleus	M1	9606	imported from pilot_R-HSA-909733; raw name: KPNA1
PTPN6__cyto	PTPN6				cytosol	M1	9606	imported from pilot_R-HSA-909733; raw name: PTPN6
IFITM1__cyto	IFITM1				cytosol	M1	9606	imported from pilot_R-HSA-909733; raw name: IFITM1
PTPN1__cyto	PTPN1				cytosol	M1	9606	imported from pilot_R-HSA-909733; raw name: PTPN1
H2O__cyto	H2O				cytosol	M1	9606	imported from pilot_R-HSA-909733; raw name: H2O
ADP__cyto	ADP				cytosol	M1	9606	imported from pilot_R-HSA-909733; raw name: ADP
Pi__cyto					cytosol	M1	9606	imported from pilot_R-HSA-909733; raw name: Pi
STAT1_iso1__cyto	STAT1-1				cytosol	M1	9606	imported from pilot_R-HSA-909733; raw name: STAT1-1
STAT1__cyto	STAT1				cytosol	M1	9606	imported from pilot_R-HSA-909733; raw name: STAT1
PTPN6_PTPN11__cyto					cytosol	M1	9606	imported from pilot_R-HSA-909733; raw name: PTPN6,PTPN11
ABCE1__mito	ABCE1				mitochondrion	M1	9606	imported from pilot_R-HSA-909733; raw name: ABCE1
ABCE1_RNASEL_dimer__mito					mitochondrion	M1	9606	imported from pilot_R-HSA-909733; raw name: ABCE1:RNASEL dimer
RNASEL_dimer__mito					mitochondrion	M1	9606	imported from pilot_R-HSA-909733; raw name: RNASEL dimer
ADAR__nuc	ADAR				nucleus	M1	9606	imported from pilot_R-HSA-909733; raw name: ADAR
BST2__ext	BST2				extracellular	M1	9606	imported from pilot_R-HSA-909733; raw name: BST2
SAMHD1__nuc	SAMHD1				nucleus	M1	9606	imported from pilot_R-HSA-909733; raw name: SAMHD1
RSAD2__er	RSAD2				ER	M1	9606	imported from pilot_R-HSA-909733; raw name: RSAD2
SOCS_family__cyto					cytosol	M1	9606	imported from pilot_R-HSA-909733; raw name: SOCS-1 and SOCS-3
IFNAR2_iso2__cyto	IFNAR2-2				cytosol	M1	9606	imported from pilot_R-HSA-909733; raw name: IFNAR2-2
IRF9__cyto	IRF9				cytosol	M1	9606	imported from pilot_R-HSA-909733; raw name: IRF9
STAT2__cyto	STAT2				cytosol	M1	9606	imported from pilot_R-HSA-909733; raw name: STAT2
ISG_signature__nuc					nucleus	M1	9606	imported from pilot_R-HSA-909733; raw name: Type I IFN-regulated genes with ISRE promoter elements
IFN_alpha_beta_IFNA_B__ext					extracellular	M1	9606	imported from pilot_R-HSA-909733; raw name: IFN alpha/beta (IFNA/B)
IFNA_B_IFNAR2_p_JAK1_STAT2_p_IFNAR1_p_TYK2_STAT2__cyto					cytosol	M1	9606	imported from pilot_R-HSA-909733; raw name: IFNA/B:IFNAR2:p-JAK1:STAT2:p-IFNAR1:p-TYK2:STAT2
IFNA_B_IFNAR2_p_JAK1_STAT2_p_IFNAR1_p_TYK2_p_STAT2__cyto					cytosol	M1	9606	imported from pilot_R-HSA-909733; raw name: IFNA/B:IFNAR2:p-JAK1:STAT2:p-IFNAR1:p-TYK2:p-STAT2
ISGF3__cyto	ISGF3				cytosol	M1	9606	imported from pilot_R-HSA-909733; raw name: ISGF3
p_STAT2_p_STAT1__cyto					cytosol	M1	9606	imported from pilot_R-HSA-909733; raw name: p-STAT2:p-STAT1
IFNA_B_IFNAR2_JAK1_STAT2_IFNAR1_TYK2__cyto					cytosol	M1	9606	imported from pilot_R-HSA-909733; raw name: IFNA/B:IFNAR2:JAK1:STAT2:IFNAR1:TYK2
IFNA_B_IFNAR2_p_JAK1_STAT2_p_IFNAR1_p_TYK2__cyto					cytosol	M1	9606	imported from pilot_R-HSA-909733; raw name: IFNA/B:IFNAR2:p-JAK1:STAT2:p-IFNAR1:p-TYK2
IFNA_B_IFNAR2_p_JAK1_STAT2_IFNAR1_p_TYK2__cyto					cytosol	M1	9606	imported from pilot_R-HSA-909733; raw name: IFNA/B:IFNAR2:p-JAK1:STAT2:IFNAR1:p-TYK2
IFNAR1_TYK2__cyto					cytosol	M1	9606	imported from pilot_R-HSA-909733; raw name: IFNAR1:TYK2
IFNA_B_IFNAR2_p_JAK1_STAT2_p_IFNAR1_p_TYK2_p_STAT2_p_STAT1__cyto					cytosol	M1	9606	imported from pilot_R-HSA-909733; raw name: IFNA/B:IFNAR2:p-JAK1:STAT2:p-IFNAR1:p-TYK2:p-STAT2:p-STAT1
USP18__cyto	USP18				cytosol	M1	9606	imported from pilot_R-HSA-909733; raw name: USP18
p_TYK2_p_IFNAR1_SOCS_1_SOCS_3_IFNA_B_IFNAR2_p_JAK1_STAT2__cyto					cytosol	M1	9606	imported from pilot_R-HSA-909733; raw name: p-TYK2:p-IFNAR1:SOCS-1/SOCS-3:IFNA/B:IFNAR2:p-JAK1:STAT2
IFNAR2c_UBP43__cyto					cytosol	M1	9606	imported from pilot_R-HSA-909733; raw name: IFNAR2c:UBP43
p_Y701_STAT1_1_dimer__cyto					cytosol	M1	9606	imported from pilot_R-HSA-909733; raw name: p-Y701-STAT1-1 dimer
p_Y701_STAT1_dimer__nuc					nucleus	M1	9606	imported from pilot_R-HSA-909733; raw name: p-Y701-STAT1 dimer
ISGF3__nuc	ISGF3				nucleus	M1	9606	imported from pilot_R-HSA-909733; raw name: ISGF3
IFNAR2_JAK1_STAT2__cyto					cytosol	M1	9606	imported from pilot_R-HSA-909733; raw name: IFNAR2:JAK1:STAT2
IFNA_B_IFNAR2_JAK1_STAT2__cyto					cytosol	M1	9606	imported from pilot_R-HSA-909733; raw name: IFNA/B:IFNAR2:JAK1:STAT2
ISG15__cyto	ISG15				cytosol	M1	9606	imported from pilot_R-HSA-909733; raw name: ISG15
IFIT1__cyto	IFIT1				cytosol	M1	9606	imported from pilot_R-HSA-909733; raw name: IFIT1
IFI6__cyto	IFI6				cytosol	M1	9606	imported from pilot_R-HSA-909733; raw name: IFI6
IFIT3__cyto	IFIT3				cytosol	M1	9606	imported from pilot_R-HSA-909733; raw name: IFIT3
IFI35__cyto	IFI35				cytosol	M1	9606	imported from pilot_R-HSA-909733; raw name: IFI35
TYK2_inhibitors__cyto					cytosol	M1	9606	imported from pilot_R-HSA-909733; raw name: TYK2 inhibitors
IFNAR1_TYK2_TYK2_inhibitors__cyto					cytosol	M1	9606	imported from pilot_R-HSA-909733; raw name: IFNAR1:TYK2:TYK2 inhibitors
IFNAR2_JAK1_STAT2_JAK1_2_inhibitors__cyto					cytosol	M1	9606	imported from pilot_R-HSA-909733; raw name: IFNAR2:JAK1:STAT2:JAK1,2 inhibitors
JAK1_2_inhibitors__cyto					cytosol	M1	9606	imported from pilot_R-HSA-909733; raw name: JAK1,2 inhibitors
IFIT5__cyto	IFIT5				cytosol	M1	9606	imported from pilot_R-HSA-909733; raw name: IFIT5
IFNAR2_JAK1_STAT2_type_1_interferon_analogs__cyto					cytosol	M1	9606	imported from pilot_R-HSA-909733; raw name: IFNAR2:JAK1:STAT2:type 1 interferon analogs
type_1_interferon_analogs__ext					extracellular	M1	9606	imported from pilot_R-HSA-909733; raw name: type 1 interferon analogs
p_STAT1_dimer_ISGF3__cyto					cytosol	M1	9606	imported from pilot_R-HSA-909733; raw name: p-STAT1 dimer, ISGF3
ISGF3_KPNA1_KPNB1__cyto					cytosol	M1	9606	imported from pilot_R-HSA-909733; raw name: ISGF3:KPNA1:KPNB1
STAT1_STAT2_N__cyto					cytosol	M1	9606	imported from pilot_R-HSA-909733; raw name: STAT1,STAT2:N
p_STAT1_dimer_KPNA1_KPNB1__cyto					cytosol	M1	9606	imported from pilot_R-HSA-909733; raw name: p-STAT1 dimer:KPNA1:KPNB1
p_STAT1_dimer_KPNA1__cyto					cytosol	M1	9606	imported from pilot_R-HSA-909733; raw name: p-STAT1 dimer:KPNA1
p_Y701_STAT1_KPNA1_KPNB1__cyto					cytosol	M1	9606	imported from pilot_R-HSA-909733; raw name: p-Y701-STAT1:KPNA1:KPNB1
Class_I_MHC_heavy_chain_MHC_HC__er					ER	M1	9606	imported from pilot_R-HSA-909733; raw name: Class I MHC heavy chain (MHC HC)
multiubiquitinated_STAT2__cyto					cytosol	M1	9606	imported from pilot_R-HSA-909733; raw name: multiubiquitinated STAT2
IFNA_B_IFNAR2_p_JAK1_STAT2_IFNAR1_TYK2__cyto					cytosol	M1	9606	imported from pilot_R-HSA-909733; raw name: IFNA/B:IFNAR2:p-JAK1:STAT2:IFNAR1:TYK2
IFNA_B_IFNAR2_p_JAK1_STAT2_p_IFNAR1_p_TYK2_p_STAT2_STAT1__cyto					cytosol	M1	9606	imported from pilot_R-HSA-909733; raw name: IFNA/B:IFNAR2:p-JAK1:STAT2:p-IFNAR1:p-TYK2:p-STAT2:STAT1
p21_RAS_GTP__cyto					cytosol	M2	9606	imported from pilot_R-HSA-186797; raw name: p21 RAS:GTP
p21_RAS_GDP__cyto					cytosol	M2	9606	imported from pilot_R-HSA-186797; raw name: p21 RAS:GDP
GRB2_1_SOS1__cyto					cytosol	M2	9606	imported from pilot_R-HSA-186797; raw name: GRB2-1:SOS1
PDGF_p_PDGFR_dimer_p_PLCgamma__cyto					cytosol	M2	9606	imported from pilot_R-HSA-186797; raw name: PDGF:p-PDGFR dimer:p-PLCgamma
FURIN__golgi	FURIN				Golgi	M2	9606	imported from pilot_R-HSA-186797; raw name: FURIN
p_4Y_PLCG1__cyto					cytosol	M2	9606	imported from pilot_R-HSA-186797; raw name: p-4Y-PLCG1
PLCG1__cyto	PLCG1				cytosol	M2	9606	imported from pilot_R-HSA-186797; raw name: PLCG1
PI_3_4_5_P3__cyto					cytosol	M2	9606	imported from pilot_R-HSA-186797; raw name: PI(3,4,5)P3
PI_4_5_P2__cyto					cytosol	M2	9606	imported from pilot_R-HSA-186797; raw name: PI(4,5)P2
active_PDGF_BB_dimer__ext					extracellular	M2	9606	imported from pilot_R-HSA-186797; raw name: active PDGF-BB dimer
PDGF_PDGF_receptor_dimer__cyto					cytosol	M2	9606	imported from pilot_R-HSA-186797; raw name: PDGF:PDGF receptor dimer
PDGF_Phospho_PDGF_receptor_dimer_PI3K__cyto					cytosol	M2	9606	imported from pilot_R-HSA-186797; raw name: PDGF:Phospho-PDGF receptor dimer:PI3K
PDGFRA_PDGFRB__cyto					cytosol	M2	9606	imported from pilot_R-HSA-186797; raw name: PDGFRA, PDGFRB
PDGFRA__cyto	PDGFRA				cytosol	M2	9606	imported from pilot_R-HSA-186797; raw name: PDGFRA
PDGF_Phospho_PDGF_receptor_dimer_PLC_gamma__cyto					cytosol	M2	9606	imported from pilot_R-HSA-186797; raw name: PDGF:Phospho-PDGF receptor dimer:PLC-gamma
PDGF_Phospho_PDGF_receptor_dimer__cyto					cytosol	M2	9606	imported from pilot_R-HSA-186797; raw name: PDGF:Phospho-PDGF receptor dimer
PDGF_Phospho_PDGF_receptor_dimer_Grb2_Sos1__cyto					cytosol	M2	9606	imported from pilot_R-HSA-186797; raw name: PDGF:Phospho-PDGF receptor dimer:Grb2:Sos1
Phospho_beta_receptor_homodimer_GAP__cyto					cytosol	M2	9606	imported from pilot_R-HSA-186797; raw name: Phospho-beta receptor homodimer:GAP
PDGF_Phospho_PDGF_receptor_dimer_MyrG_SRC__cyto					cytosol	M2	9606	imported from pilot_R-HSA-186797; raw name: PDGF:Phospho-PDGF receptor dimer:MyrG-SRC
RASA1__cyto	RASA1				cytosol	M2	9606	imported from pilot_R-HSA-186797; raw name: RASA1
PDGF_Phospho_PDGF_receptor_dimer_SHP2__cyto					cytosol	M2	9606	imported from pilot_R-HSA-186797; raw name: PDGF:Phospho-PDGF receptor dimer:SHP2
BCAR1__cyto	BCAR1				cytosol	M2	9606	imported from pilot_R-HSA-186797; raw name: BCAR1
GRB7__cyto	GRB7				cytosol	M2	9606	imported from pilot_R-HSA-186797; raw name: GRB7
GDP__cyto	GDP				cytosol	M2	9606	imported from pilot_R-HSA-186797; raw name: GDP
GTP__cyto	GTP				cytosol	M2	9606	imported from pilot_R-HSA-186797; raw name: GTP
proPDGF_BB_dimer__golgi					Golgi	M2	9606	imported from pilot_R-HSA-186797; raw name: proPDGF-BB dimer
proPDGF_AA_dimer__golgi					Golgi	M2	9606	imported from pilot_R-HSA-186797; raw name: proPDGF-AA dimer
proPDGF_AB_dimer__golgi					Golgi	M2	9606	imported from pilot_R-HSA-186797; raw name: proPDGF-AB dimer
STAT_family_members__cyto					cytosol	M2	9606	imported from pilot_R-HSA-186797; raw name: STAT family members
PDGF_A_B_heterodimer__ext					extracellular	M2	9606	imported from pilot_R-HSA-186797; raw name: PDGF A/B heterodimer
Active_PDGF_dimers_AA_AB_BB__ext					extracellular	M2	9606	imported from pilot_R-HSA-186797; raw name: Active PDGF dimers (AA, AB, BB)
active_PDGF_AA_dimer__ext					extracellular	M2	9606	imported from pilot_R-HSA-186797; raw name: active PDGF-AA dimer
PDGF_phospho_PDGF_receptor_dimer_STAT__cyto					cytosol	M2	9606	imported from pilot_R-HSA-186797; raw name: PDGF:phospho-PDGF receptor dimer:STAT
PDGF_Phospho_PDGF_receptor_dimer_MyrG_p_Y419_SRC__cyto					cytosol	M2	9606	imported from pilot_R-HSA-186797; raw name: PDGF:Phospho-PDGF receptor dimer:MyrG-p-Y419-SRC
PDGF_precursor_dimers_AA_BB_A_B_CC_DD__golgi					Golgi	M2	9606	imported from pilot_R-HSA-186797; raw name: PDGF precursor dimers (AA, BB, A/B, CC, DD)
PDGF_A_and_B_chains_with_retention_motif__ext					extracellular	M2	9606	imported from pilot_R-HSA-186797; raw name: PDGF A and B chains with retention motif
PDGF_precursor_dimers_AA_BB_A_B_CC_DD__er					ER	M2	9606	imported from pilot_R-HSA-186797; raw name: PDGF precursor dimers  (AA, BB, A/B, CC, DD)
serine_type_endopeptidases_involved_in_novel_PDGF_processing__ext					extracellular	M2	9606	imported from pilot_R-HSA-186797; raw name: serine-type endopeptidases involved in novel PDGF processing
Active_PDGF_dimers_CC_DD__ext					extracellular	M2	9606	imported from pilot_R-HSA-186797; raw name: Active PDGF dimers (CC, DD)
Novel_PDGF_precursor_dimers_CC_DD__golgi					Golgi	M2	9606	imported from pilot_R-HSA-186797; raw name: Novel PDGF precursor dimers (CC, DD)
CRK_CRKL__cyto					cytosol	M2	9606	imported from pilot_R-HSA-186797; raw name: CRK, CRKL
Extracellular_matrix_ligands__ext					extracellular	M2	9606	imported from pilot_R-HSA-186797; raw name: Extracellular matrix ligands
Novel_PDGF_precursor_dimers_CC_DD__ext					extracellular	M2	9606	imported from pilot_R-HSA-186797; raw name: Novel PDGF precursor dimers (CC, DD)
NCK1_NCK2__cyto					cytosol	M2	9606	imported from pilot_R-HSA-186797; raw name: NCK1,NCK2
PDGF_A_and_B_chains_ECM_complex__ext					extracellular	M2	9606	imported from pilot_R-HSA-186797; raw name: PDGF A and B chains:ECM complex
PDGF_Phospho_PDGFR_receptor_dimer_Nck__cyto					cytosol	M2	9606	imported from pilot_R-HSA-186797; raw name: PDGF:Phospho-PDGFR receptor dimer:Nck
PDGF_Phospho_PDGF_receptor_dimer_Crk__cyto					cytosol	M2	9606	imported from pilot_R-HSA-186797; raw name: PDGF:Phospho-PDGF receptor dimer:Crk
PDGF_Phospho_PDGF_receptor_dimer_Grb7__cyto					cytosol	M2	9606	imported from pilot_R-HSA-186797; raw name: PDGF:Phospho-PDGF receptor dimer:Grb7
PDGF_Phospho_PDGF_receptor_dimer_Crk_p130Cas_C3G__cyto					cytosol	M2	9606	imported from pilot_R-HSA-186797; raw name: PDGF:Phospho-PDGF receptor dimer:Crk:p130Cas:C3G
Cleaved_PDGF_B_peptides__golgi					Golgi	M2	9606	imported from pilot_R-HSA-186797; raw name: Cleaved PDGF-B peptides
Cleaved_novel_PDGF_fragments__ext					extracellular	M2	9606	imported from pilot_R-HSA-186797; raw name: Cleaved novel PDGF fragments
Phospho_PDGF_alpha_receptor_PDGF_dimers__cyto					cytosol	M2	9606	imported from pilot_R-HSA-186797; raw name: Phospho PDGF alpha receptor:PDGF dimers
Phospho_PDGF_beta_receptor_PDGF_chain_B_homodimer__cyto					cytosol	M2	9606	imported from pilot_R-HSA-186797; raw name: Phospho PDGF beta receptor: PDGF chain B homodimer
Phospho_PDGF_alpha_beta_dimer_PDGF_AB_or_BB_dimers__cyto					cytosol	M2	9606	imported from pilot_R-HSA-186797; raw name: Phospho PDGF alpha-beta dimer:PDGF AB or BB dimers
PDGF_alpha_beta_PDGF_AB_and_BB_dimers__cyto					cytosol	M2	9606	imported from pilot_R-HSA-186797; raw name: PDGF alpha/beta:PDGF AB and BB dimers
PDGF_beta_receptor_PDGF_chain_B_homodimer__cyto					cytosol	M2	9606	imported from pilot_R-HSA-186797; raw name: PDGF beta receptor:PDGF chain B homodimer
PDGF_alpha_receptor_PDGF_dimers__cyto					cytosol	M2	9606	imported from pilot_R-HSA-186797; raw name: PDGF alpha receptor: PDGF dimers
PTPN12__cyto	PTPN12				cytosol	M2	9606	imported from pilot_R-HSA-186797; raw name: PTPN12
PI3K__cyto	PI3K				cytosol	M2	9606	imported from pilot_R-HSA-186797; raw name: PI3K
p_PDGFRB_homo_and_heterodimers__cyto					cytosol	M2	9606	imported from pilot_R-HSA-186797; raw name: p-PDGFRB homo and heterodimers
p_PDGFRB_homo_and_heterodimers_dephosphorylated_at_Y1021__cyto					cytosol	M2	9606	imported from pilot_R-HSA-186797; raw name: p-PDGFRB homo and heterodimers dephosphorylated at Y1021
N_ter_PDGFA_2_fragment__golgi					Golgi	M2	9606	imported from pilot_R-HSA-186797; raw name: N-ter PDGFA-2 fragment
N_ter_PDGF_A_fragment__golgi					Golgi	M2	9606	imported from pilot_R-HSA-186797; raw name: N-ter PDGF-A fragment
MyrG_SRC__cyto					cytosol	M2	9606	imported from pilot_R-HSA-186797; raw name: MyrG-SRC
RAPGEF1__cyto	RAPGEF1				cytosol	M2	9606	imported from pilot_R-HSA-186797; raw name: RAPGEF1
olaratumab__ext					extracellular	M2	9606	imported from pilot_R-HSA-186797; raw name: olaratumab
PDGFRA_olaratumab__cyto					cytosol	M2	9606	imported from pilot_R-HSA-186797; raw name: PDGFRA:olaratumab
type_I_PDGFR_binding_tyrosine_kinase_inhibitors__cyto					cytosol	M2	9606	imported from pilot_R-HSA-186797; raw name: type I PDGFR-binding tyrosine kinase inhibitors
type_II_PDGFR_binding_tyrosine_kinase_inhibitors__cyto					cytosol	M2	9606	imported from pilot_R-HSA-186797; raw name: type II PDGFR-binding tyrosine kinase inhibitors
PDGFR_type_I_PDGFR_binding_TKIs__cyto					cytosol	M2	9606	imported from pilot_R-HSA-186797; raw name: PDGFR:type I PDGFR-binding TKIs
PDGFR_type_II_PDGFR_binding_TKIs__cyto					cytosol	M2	9606	imported from pilot_R-HSA-186797; raw name: PDGFR:type II PDGFR-binding TKIs
CBL__cyto	CBL				cytosol	M2	9606	imported from pilot_R-HSA-2173789; raw name: CBL
ATP__endo	ATP				endosome	M2	9606	imported from pilot_R-HSA-2173789; raw name: ATP
XPO1__nuc	XPO1				nucleus	M2	9606	imported from pilot_R-HSA-2173789; raw name: XPO1
XPO1__cyto	XPO1				cytosol	M2	9606	imported from pilot_R-HSA-2173789; raw name: XPO1
TGFB1_TGFBR2_TGFBR1__cyto					cytosol	M2	9606	imported from pilot_R-HSA-2173789; raw name: TGFB1:TGFBR2:TGFBR1
TGFB1_TGFBR2_p_TGFBR1__cyto					cytosol	M2	9606	imported from pilot_R-HSA-2173789; raw name: TGFB1:TGFBR2:p-TGFBR1
TGFBR2__cyto	TGFBR2				cytosol	M2	9606	imported from pilot_R-HSA-2173789; raw name: TGFBR2
TGFB1_dimer__ext					extracellular	M2	9606	imported from pilot_R-HSA-2173789; raw name: Dimeric TGFB1
SMAD3__cyto	SMAD3				cytosol	M2	9606	imported from pilot_R-HSA-2173789; raw name: SMAD3
SMAD4__cyto	SMAD4				cytosol	M2	9606	imported from pilot_R-HSA-2173789; raw name: SMAD4
Dimeric_TGFB1_TGFBR2_homodimer__cyto					cytosol	M2	9606	imported from pilot_R-HSA-2173789; raw name: Dimeric TGFB1:TGFBR2 homodimer
SMAD2_3__cyto					cytosol	M2	9606	imported from pilot_R-HSA-2173789; raw name: SMAD2,3
TGFB1_p_TGFBR_ZFYVE9__endo					endosome	M2	9606	imported from pilot_R-HSA-2173789; raw name: TGFB1:p-TGFBR:ZFYVE9
p_2S_SMAD2_3_SMAD4__cyto					cytosol	M2	9606	imported from pilot_R-HSA-2173789; raw name: p-2S-SMAD2,3:SMAD4
TGFB1_p_TGFBR_ZFYVE9_p_2S_SMAD2_3__endo					endosome	M2	9606	imported from pilot_R-HSA-2173789; raw name: TGFB1:p-TGFBR:ZFYVE9:p-2S-SMAD2,3
p_2S_SMAD2_3__cyto					cytosol	M2	9606	imported from pilot_R-HSA-2173789; raw name: p-2S-SMAD2,3
Pre_TGFB1_complex__golgi					Golgi	M2	9606	imported from pilot_R-HSA-2173789; raw name: Pre-TGFB1 complex
TGFB1_p_TGFBR_ZFYVE9_SMAD2_3__endo					endosome	M2	9606	imported from pilot_R-HSA-2173789; raw name: TGFB1:p-TGFBR:ZFYVE9:SMAD2/3
TGFB1_p_TGFBR_I_SMAD7__cyto					cytosol	M2	9606	imported from pilot_R-HSA-2173789; raw name: TGFB1: p-TGFBR: I-SMAD7
SMAD7__cyto	SMAD7				cytosol	M2	9606	imported from pilot_R-HSA-2173789; raw name: SMAD7
BAMBI__cyto	BAMBI				cytosol	M2	9606	imported from pilot_R-HSA-2173789; raw name: BAMBI
TGFB1_TGFBR2_p_TGFBR1_BAMBI_SMAD7__cyto					cytosol	M2	9606	imported from pilot_R-HSA-2173789; raw name: TGFB1: TGFBR2: p-TGFBR1: BAMBI: SMAD7
SMURF2__cyto	SMURF2				cytosol	M2	9606	imported from pilot_R-HSA-2173789; raw name: SMURF2
SMAD7__nuc	SMAD7				nucleus	M2	9606	imported from pilot_R-HSA-2173789; raw name: SMAD7
SMURF2__nuc	SMURF2				nucleus	M2	9606	imported from pilot_R-HSA-2173789; raw name: SMURF2
FKBP1A__cyto	FKBP1A				cytosol	M2	9606	imported from pilot_R-HSA-2173789; raw name: FKBP1A
ZFYVE9_iso1__endo	ZFYVE9-1				endosome	M2	9606	imported from pilot_R-HSA-2173789; raw name: ZFYVE9-1
STRAP__cyto	STRAP				cytosol	M2	9606	imported from pilot_R-HSA-2173789; raw name: STRAP
TGFB1_p_TGFBR_STRAP__cyto					cytosol	M2	9606	imported from pilot_R-HSA-2173789; raw name: TGFB1:p-TGFBR:STRAP
TGFB1_p_TGFBR_STRAP_SMAD7__cyto					cytosol	M2	9606	imported from pilot_R-HSA-2173789; raw name: TGFB1: p-TGFBR: STRAP: SMAD7
Tight_Junction_Complex_TGFBR1_PARD6A_RHOA__cyto					cytosol	M2	9606	imported from pilot_R-HSA-2173789; raw name: Tight Junction Complex:TGFBR1:PARD6A:RHOA
Tight_Junction_Complex_PARD6A_RHOA__cyto					cytosol	M2	9606	imported from pilot_R-HSA-2173789; raw name: Tight Junction Complex:PARD6A:RHOA
Tight_Junction_Complex_TGFB1_TGFBR2_TGFBR1_PARD6A_RHOA__cyto					cytosol	M2	9606	imported from pilot_R-HSA-2173789; raw name: Tight Junction Complex:TGFB1:TGFBR2:TGFBR1:PARD6A:RHOA
Tight_Junction_Complex_TGFB1_TGFBR2_p_TGFBR1_p_PARD6A_RHOA__cyto					cytosol	M2	9606	imported from pilot_R-HSA-2173789; raw name: Tight Junction Complex:TGFB1:TGFBR2:p-TGFBR1:p-PARD6A:RHOA
Fibrillin_1__ext					extracellular	M2	9606	imported from pilot_R-HSA-2173789; raw name: Fibrillin-1
Tight_Junction_Complex_TGFB1_TGFBR2_p_TGFBR1_p_PARD6A_RHOA_SMURF1__cyto					cytosol	M2	9606	imported from pilot_R-HSA-2173789; raw name: Tight Junction Complex:TGFB1:TGFBR2:p-TGFBR1:p-PARD6A:RHOA:SMURF1
Tight_Junction_Complex_TGFB1_TGFBR2_p_TGFBR1_p_PARD6A_Ub_RHOA_SMURF1__cyto					cytosol	M2	9606	imported from pilot_R-HSA-2173789; raw name: Tight Junction Complex:TGFB1:TGFBR2:p-TGFBR1:p-PARD6A:Ub-RHOA:SMURF1
LTBP4__ext	LTBP4				extracellular	M2	9606	imported from pilot_R-HSA-2173789; raw name: LTBP4
GADD34_PP1__cyto					cytosol	M2	9606	imported from pilot_R-HSA-2173789; raw name: GADD34:PP1
SMAD7_SMURF2__nuc					nucleus	M2	9606	imported from pilot_R-HSA-2173789; raw name: SMAD7:SMURF2
TGFB1_TGFBR2_TGFBR1__endo					endosome	M2	9606	imported from pilot_R-HSA-2173789; raw name: TGFB1:TGFBR2:TGFBR1
SMAD7_SMURF2__cyto					cytosol	M2	9606	imported from pilot_R-HSA-2173789; raw name: SMAD7:SMURF2
TGFB1_p_TGFBR_I_SMAD7_GADD34_PP1_ZFYVE9__endo					endosome	M2	9606	imported from pilot_R-HSA-2173789; raw name: TGFB1:p-TGFBR:I-SMAD7:GADD34:PP1:ZFYVE9
SMAD7_SMURF1__nuc					nucleus	M2	9606	imported from pilot_R-HSA-2173789; raw name: SMAD7:SMURF1
SMAD7_SMURF1_XPO1__nuc					nucleus	M2	9606	imported from pilot_R-HSA-2173789; raw name: SMAD7:SMURF1:XPO1
SMAD7_SMURF1__cyto					cytosol	M2	9606	imported from pilot_R-HSA-2173789; raw name: SMAD7:SMURF1
TGFB1_TGFBR2_p_TGFBR1_SMAD7_SMURF_NEDD4L__cyto					cytosol	M2	9606	imported from pilot_R-HSA-2173789; raw name: TGFB1:TGFBR2:p-TGFBR1:SMAD7:SMURF/NEDD4L
SMAD7_SMURF_NEDD4L__cyto					cytosol	M2	9606	imported from pilot_R-HSA-2173789; raw name: SMAD7:SMURF/NEDD4L
TGFB1_TGFBR2_Ub_p_TGFBR1_Ub_SMAD7__cyto					cytosol	M2	9606	imported from pilot_R-HSA-2173789; raw name: TGFB1:TGFBR2:Ub-p-TGFBR1:Ub-SMAD7
SMURF_NEDD4L__cyto					cytosol	M2	9606	imported from pilot_R-HSA-2173789; raw name: SMURF/NEDD4L
SMAD7_NEDD4L__nuc					nucleus	M2	9606	imported from pilot_R-HSA-2173789; raw name: SMAD7:NEDD4L
SMAD7_NEDD4L__cyto					cytosol	M2	9606	imported from pilot_R-HSA-2173789; raw name: SMAD7:NEDD4L
NEDD4L__nuc	NEDD4L				nucleus	M2	9606	imported from pilot_R-HSA-2173789; raw name: NEDD4L
Ub_SMAD2__cyto					cytosol	M2	9606	imported from pilot_R-HSA-2173789; raw name: Ub-SMAD2
SMAD2_SMURF2__cyto					cytosol	M2	9606	imported from pilot_R-HSA-2173789; raw name: SMAD2:SMURF2
TGFB1_TGFBR2_Ub_p_TGFBR1_Ub_SMAD7_UCHL5_USP15__cyto					cytosol	M2	9606	imported from pilot_R-HSA-2173789; raw name: TGFB1:TGFBR2:Ub-p-TGFBR1:Ub-SMAD7:UCHL5/USP15
TGFB1_TGFBR2_p_TGFBR1_Ub_SMAD7__cyto					cytosol	M2	9606	imported from pilot_R-HSA-2173789; raw name: TGFB1:TGFBR2:p-TGFBR1:Ub-SMAD7
UCHL5_USP15__cyto					cytosol	M2	9606	imported from pilot_R-HSA-2173789; raw name: UCHL5/USP15
PMEPA1__cyto	PMEPA1				cytosol	M2	9606	imported from pilot_R-HSA-2173789; raw name: PMEPA1
TGFBR1_FKBP1A__cyto					cytosol	M2	9606	imported from pilot_R-HSA-2173789; raw name: TGFBR1:FKBP1A
SMAD2_3_PMEPA1__cyto					cytosol	M2	9606	imported from pilot_R-HSA-2173789; raw name: SMAD2/3:PMEPA1
p_2S_SMAD2_3_PMEPA1__endo					endosome	M2	9606	imported from pilot_R-HSA-2173789; raw name: p-2S-SMAD2/3:PMEPA1
PMEPA1__endo	PMEPA1				endosome	M2	9606	imported from pilot_R-HSA-2173789; raw name: PMEPA1
SMAD3_STUB1__cyto					cytosol	M2	9606	imported from pilot_R-HSA-2173789; raw name: SMAD3:STUB1
Ub_SMAD3__cyto					cytosol	M2	9606	imported from pilot_R-HSA-2173789; raw name: Ub-SMAD3
p_2S_SMAD2_3_MTMR4__endo					endosome	M2	9606	imported from pilot_R-HSA-2173789; raw name: p-2S-SMAD2/3:MTMR4
MTMR4__endo	MTMR4				endosome	M2	9606	imported from pilot_R-HSA-2173789; raw name: MTMR4
TGFB1_LAP1__ext					extracellular	M2	9606	imported from pilot_R-HSA-2173789; raw name: TGFB1:LAP1
TGFB3_LAP3__ext					extracellular	M2	9606	imported from pilot_R-HSA-2173789; raw name: TGFB3:LAP3
LTBP1_LTBP3_TGFB_LAP__ext					extracellular	M2	9606	imported from pilot_R-HSA-2173789; raw name: LTBP1,LTBP3:TGFB:LAP
LTBP4_TGFB1_LAP1__ext					extracellular	M2	9606	imported from pilot_R-HSA-2173789; raw name: LTBP4:TGFB1:LAP1
TGFB_LAP__ext					extracellular	M2	9606	imported from pilot_R-HSA-2173789; raw name: TGFB:LAP
LTBP1_LTBP3__ext					extracellular	M2	9606	imported from pilot_R-HSA-2173789; raw name: LTBP1, LTBP3
TGF_beta_3_LAP3_LAP3_binding_integrins__ext					extracellular	M2	9606	imported from pilot_R-HSA-2173789; raw name: TGF-beta-3:LAP3:LAP3-binding integrins
LTBPs__ext					extracellular	M2	9606	imported from pilot_R-HSA-2173789; raw name: LTBPs
LAP1_binding_integrins__cyto					cytosol	M2	9606	imported from pilot_R-HSA-2173789; raw name: LAP1 binding-integrins
LTBPs_Fibrillin_1__ext					extracellular	M2	9606	imported from pilot_R-HSA-2173789; raw name: LTBPs:Fibrillin-1
LTBP1_TGFB1_LAP1_LAP1_binding_integrins__cyto					cytosol	M2	9606	imported from pilot_R-HSA-2173789; raw name: LTBP1:TGFB1:LAP1:LAP1-binding integrins
LAP3_binding_integrins__cyto					cytosol	M2	9606	imported from pilot_R-HSA-2173789; raw name: LAP3-binding integrins
H2O__endo	H2O				endosome	M2	9606	imported from pilot_R-HSA-2173789; raw name: H2O
ADP__endo	ADP				endosome	M2	9606	imported from pilot_R-HSA-2173789; raw name: ADP
Pi__endo					endosome	M2	9606	imported from pilot_R-HSA-2173789; raw name: Pi
SMURF1__nuc	SMURF1				nucleus	M2	9606	imported from pilot_R-HSA-2173789; raw name: SMURF1
SMAD2__cyto	SMAD2				cytosol	M2	9606	imported from pilot_R-HSA-2173789; raw name: SMAD2
NEDD8_K556_K567_TGFBR2__cyto					cytosol	M2	9606	imported from pilot_R-HSA-2173789; raw name: NEDD8-K556,K567-TGFBR2
TGFBR2_CBL__cyto					cytosol	M2	9606	imported from pilot_R-HSA-2173789; raw name: TGFBR2:CBL
NEDD8_AcM_UBE2M__cyto					cytosol	M2	9606	imported from pilot_R-HSA-2173789; raw name: NEDD8-AcM-UBE2M
AcM_UBE2M__cyto					cytosol	M2	9606	imported from pilot_R-HSA-2173789; raw name: AcM-UBE2M
TGF_beta_1_LAP1__golgi					Golgi	M2	9606	imported from pilot_R-HSA-2173789; raw name: TGF-beta-1:LAP1
LTBP1_TGFB1_LAP1__ext					extracellular	M2	9606	imported from pilot_R-HSA-2173789; raw name: LTBP1:TGFB1:LAP1
STUB1__cyto	STUB1				cytosol	M2	9606	imported from pilot_R-HSA-2173789; raw name: STUB1
SMURF1__cyto	SMURF1				cytosol	M2	9606	imported from pilot_R-HSA-2173789; raw name: SMURF1
TGFBR3_1_783_TGFB1_TGFB2__ext					extracellular	M2	9606	imported from pilot_R-HSA-2173789; raw name: TGFBR3(1-783):TGFB1,TGFB2
TGFB1_TGFB2_TGFBR3_TGFBR2__cyto					cytosol	M2	9606	imported from pilot_R-HSA-2173789; raw name: TGFB1,TGFB2:TGFBR3:TGFBR2
ADP__nuc	ADP				nucleus	M3	9606	imported from pilot_R-HSA-1980143; raw name: ADP
HIF1A__nuc	HIF1A				nucleus	M3	9606	imported from pilot_R-HSA-1980143; raw name: HIF1A
JAG1_NOTCH1__cyto					cytosol	M3	9606	imported from pilot_R-HSA-1980143; raw name: JAG1:NOTCH1
NOTCH1__cyto	NOTCH1				cytosol	M3	9606	imported from pilot_R-HSA-1980143; raw name: NOTCH1
DLL1__cyto	DLL1				cytosol	M3	9606	imported from pilot_R-HSA-1980143; raw name: DLL1
JAG1__cyto	JAG1				cytosol	M3	9606	imported from pilot_R-HSA-1980143; raw name: JAG1
JAG2__cyto	JAG2				cytosol	M3	9606	imported from pilot_R-HSA-1980143; raw name: JAG2
JAG2_NOTCH1__cyto					cytosol	M3	9606	imported from pilot_R-HSA-1980143; raw name: JAG2:NOTCH1
NEXT1__cyto	NEXT1				cytosol	M3	9606	imported from pilot_R-HSA-1980143; raw name: NEXT1
gamma_secretase_complex__cyto					cytosol	M3	9606	imported from pilot_R-HSA-1980143; raw name: gamma-secretase complex
NICD1__cyto	NICD1				cytosol	M3	9606	imported from pilot_R-HSA-1980143; raw name: NICD1
DLL_JAG__cyto					cytosol	M3	9606	imported from pilot_R-HSA-1980143; raw name: DLL/JAG
DLL_JAG_NOTCH1__cyto					cytosol	M3	9606	imported from pilot_R-HSA-1980143; raw name: DLL/JAG:NOTCH1
NOTCH1_1721_1753__cyto					cytosol	M3	9606	imported from pilot_R-HSA-1980143; raw name: NOTCH1(1721-1753)
NICD1__nuc	NICD1				nucleus	M3	9606	imported from pilot_R-HSA-1980143; raw name: NICD1
DLL4__cyto	DLL4				cytosol	M3	9606	imported from pilot_R-HSA-1980143; raw name: DLL4
pNICD1__nuc					nucleus	M3	9606	imported from pilot_R-HSA-1980143; raw name: p-NICD1
DLK1__cyto	DLK1				cytosol	M3	9606	imported from pilot_R-HSA-1980143; raw name: DLK1
DTX_ITCH__cyto					cytosol	M3	9606	imported from pilot_R-HSA-1980143; raw name: DTX:ITCH
DTX__cyto	DTX				cytosol	M3	9606	imported from pilot_R-HSA-1980143; raw name: DTX
NOTCH1_NUMB_ITCH__cyto					cytosol	M3	9606	imported from pilot_R-HSA-1980143; raw name: NOTCH1:NUMB:ITCH
NICD1_RBPJ_SNW1__nuc					nucleus	M3	9606	imported from pilot_R-HSA-1980143; raw name: NICD1:RBPJ:SNW1
NOTCH1_Coactivator_Complex__nuc					nucleus	M3	9606	imported from pilot_R-HSA-1980143; raw name: NOTCH1 Coactivator Complex
NOTCH1_Coactivator_Complex_CDK8_CCNC__nuc					nucleus	M3	9606	imported from pilot_R-HSA-1980143; raw name: NOTCH1 Coactivator Complex:CDK8:CCNC
CDK8_CCNC__nuc					nucleus	M3	9606	imported from pilot_R-HSA-1980143; raw name: CDK8:CCNC
p_NICD1_FBXW7_SKP1_CUL1_RBX1__nuc					nucleus	M3	9606	imported from pilot_R-HSA-1980143; raw name: p-NICD1:FBXW7:SKP1:CUL1:RBX1
FBXW7_SKP1_CUL1_RBX1__nuc					nucleus	M3	9606	imported from pilot_R-HSA-1980143; raw name: FBXW7:SKP1:CUL1:RBX1
DNER__cyto	DNER				cytosol	M3	9606	imported from pilot_R-HSA-1980143; raw name: DNER
HES5__nuc	HES5				nucleus	M3	9606	imported from pilot_R-HSA-1980143; raw name: HES5
NOTCH1_DTX__cyto					cytosol	M3	9606	imported from pilot_R-HSA-1980143; raw name: NOTCH1:DTX
ADAM10_17_Zn2_plus__cyto					cytosol	M3	9606	imported from pilot_R-HSA-1980143; raw name: ADAM10/17:Zn2_plus_
Ub_p_NICD1__nuc					nucleus	M3	9606	imported from pilot_R-HSA-1980143; raw name: Ub-p-NICD1
MYC__nuc	MYC				nucleus	M3	9606	imported from pilot_R-HSA-1980143; raw name: MYC
ARRB__cyto	ARRB				cytosol	M3	9606	imported from pilot_R-HSA-1980143; raw name: ARRB
RBPJ_SNW1__nuc					nucleus	M3	9606	imported from pilot_R-HSA-1980143; raw name: RBPJ:SNW1
HES1_TLE__nuc					nucleus	M3	9606	imported from pilot_R-HSA-1980143; raw name: HES1:TLE
HEY__nuc	HEY				nucleus	M3	9606	imported from pilot_R-HSA-1980143; raw name: HEY
MIB_NEURL__cyto					cytosol	M3	9606	imported from pilot_R-HSA-1980143; raw name: MIB/NEURL
NCOR_HDAC_TBL1__nuc					nucleus	M3	9606	imported from pilot_R-HSA-1980143; raw name: NCOR:HDAC:TBL1
NICD1_DTX__cyto					cytosol	M3	9606	imported from pilot_R-HSA-1980143; raw name: NICD1:DTX
NICD1_HIF1A__nuc					nucleus	M3	9606	imported from pilot_R-HSA-1980143; raw name: NICD1:HIF1A
NOTCH1_DTX_ARRB__cyto					cytosol	M3	9606	imported from pilot_R-HSA-1980143; raw name: NOTCH1:DTX:ARRB
Ub_DTX_ITCH__cyto					cytosol	M3	9606	imported from pilot_R-HSA-1980143; raw name: Ub-DTX:ITCH
Ub_DLL_JAG_NOTCH1__cyto					cytosol	M3	9606	imported from pilot_R-HSA-1980143; raw name: Ub-DLL/JAG:NOTCH1
Ub_DLL_JAG_NOTCH1_fragment__cyto					cytosol	M3	9606	imported from pilot_R-HSA-1980143; raw name: Ub-DLL/JAG:NOTCH1 fragment
Ub_NOTCH1_DTX_ARRB__cyto					cytosol	M3	9606	imported from pilot_R-HSA-1980143; raw name: Ub-NOTCH1:DTX:ARRB
Ub_NOTCH1_NUMB_ITCH__cyto					cytosol	M3	9606	imported from pilot_R-HSA-1980143; raw name: Ub-NOTCH1:NUMB:ITCH
DNER_NOTCH1_DTX__cyto					cytosol	M3	9606	imported from pilot_R-HSA-1980143; raw name: DNER:NOTCH1:DTX
NOTCH1_Fringe_modified_NOTCH1__cyto					cytosol	M3	9606	imported from pilot_R-HSA-1980143; raw name: NOTCH1/Fringe-modified NOTCH1
DLL1_NOTCH1__cyto					cytosol	M3	9606	imported from pilot_R-HSA-1980143; raw name: DLL1:NOTCH1
DLL4_NOTCH1__cyto					cytosol	M3	9606	imported from pilot_R-HSA-1980143; raw name: DLL4:NOTCH1
NOTCH1_DLK1__cyto					cytosol	M3	9606	imported from pilot_R-HSA-1980143; raw name: NOTCH1:DLK1
CREBBP__nuc	CREBBP				nucleus	M3	9606	imported from pilot_R-HSA-1980143; raw name: CREBBP
NOTCH1_DLL_JAG__cyto					cytosol	M3	9606	imported from pilot_R-HSA-1980143; raw name: NOTCH1:DLL/JAG
HES1__nuc	HES1				nucleus	M3	9606	imported from pilot_R-HSA-1980143; raw name: HES1
MAML__nuc	MAML				nucleus	M3	9606	imported from pilot_R-HSA-1980143; raw name: MAML
TLE__nuc	TLE				nucleus	M3	9606	imported from pilot_R-HSA-1980143; raw name: TLE
MYC_gene__nuc					nucleus	M3	9606	imported from pilot_R-HSA-1980143; raw name: MYC gene
HES1_gene__nuc					nucleus	M3	9606	imported from pilot_R-HSA-1980143; raw name: HES1 gene
HES5_gene__nuc					nucleus	M3	9606	imported from pilot_R-HSA-1980143; raw name: HES5 gene
ATP__nuc	ATP				nucleus	M3	9606	imported from pilot_R-HSA-1980143; raw name: ATP
RBPJ_NCOR_corepressor_complex__nuc					nucleus	M3	9606	imported from pilot_R-HSA-1980143; raw name: RBPJ:NCOR corepressor complex
PCAF__nuc	PCAF				nucleus	M3	9606	imported from pilot_R-HSA-1980143; raw name: PCAF
CNTN1__cyto	CNTN1				cytosol	M3	9606	imported from pilot_R-HSA-1980143; raw name: CNTN1
CNTN1_NOTCH1_DTX__cyto					cytosol	M3	9606	imported from pilot_R-HSA-1980143; raw name: CNTN1:NOTCH1:DTX
EP300__nuc	EP300				nucleus	M3	9606	imported from pilot_R-HSA-1980143; raw name: EP300
HEY_Genes__nuc					nucleus	M3	9606	imported from pilot_R-HSA-1980143; raw name: HEY Genes
NOTCH1_Coactivator_Complex_HES1_Gene__nuc					nucleus	M3	9606	imported from pilot_R-HSA-1980143; raw name: NOTCH1 Coactivator Complex:HES1 Gene
NOTCH1_Coactivator_Complex_MYC_Gene__nuc					nucleus	M3	9606	imported from pilot_R-HSA-1980143; raw name: NOTCH1 Coactivator Complex:MYC Gene
NOTCH1_Coactivator_Complex_HES5_Gene__nuc					nucleus	M3	9606	imported from pilot_R-HSA-1980143; raw name: NOTCH1 Coactivator Complex:HES5 Gene
NOTCH1_Coactivator_Complex_HEY_Genes__nuc					nucleus	M3	9606	imported from pilot_R-HSA-1980143; raw name: NOTCH1 Coactivator Complex:HEY Genes
NUMB__cyto	NUMB				cytosol	M3	9606	imported from pilot_R-HSA-1980143; raw name: NUMB
Ubiquitin_ligase__cyto					cytosol	M3	9606	imported from pilot_R-HSA-1980143; raw name: Ubiquitin ligase
NBEA__cyto	NBEA				cytosol	M3	9606	imported from pilot_R-HSA-1980143; raw name: NBEA
NBEA__nuc	NBEA				nucleus	M3	9606	imported from pilot_R-HSA-1980143; raw name: NBEA
NICD1_NBEA__nuc					nucleus	M3	9606	imported from pilot_R-HSA-1980143; raw name: NICD1:NBEA
ITCH__cyto	ITCH				cytosol	M3	9606	imported from pilot_R-HSA-1980143; raw name: ITCH
IL6_IL6R__cyto					cytosol	M4	9606	imported from pilot_R-HSA-1059683; raw name: IL6:IL6R
IL6ST_iso2__ext	IL6ST-2				extracellular	M4	9606	imported from pilot_R-HSA-1059683; raw name: IL6ST-2
IL6_IL6RA_IL6RB_JAKs__cyto					cytosol	M4	9606	imported from pilot_R-HSA-1059683; raw name: IL6:IL6RA:IL6RB:JAKs
JAK1_JAK2_TYK2__cyto					cytosol	M4	9606	imported from pilot_R-HSA-1059683; raw name: JAK1, JAK2, (TYK2)
IL6R_iso2__ext	IL6R-2				extracellular	M4	9606	imported from pilot_R-HSA-1059683; raw name: IL6R-2
IL6_IL6R_2_IL6ST_2__ext					extracellular	M4	9606	imported from pilot_R-HSA-1059683; raw name: IL6:IL6R-2:IL6ST-2
IL6_IL6R_2__ext					extracellular	M4	9606	imported from pilot_R-HSA-1059683; raw name: IL6:IL6R-2
IL6ST_JAK1_JAK2_TYK2__cyto					cytosol	M4	9606	imported from pilot_R-HSA-1059683; raw name: IL6ST:JAK1, JAK2, (TYK2)
IL6_sIL6R_IL6RB_JAKs__cyto					cytosol	M4	9606	imported from pilot_R-HSA-1059683; raw name: IL6:sIL6R:IL6RB:JAKs
IL6_receptor_hexamer_Activated_JAKs__cyto					cytosol	M4	9606	imported from pilot_R-HSA-1059683; raw name: IL6 receptor hexamer:Activated JAKs
IL6_receptor_trimer_JAKs__cyto					cytosol	M4	9606	imported from pilot_R-HSA-1059683; raw name: IL6 receptor trimer:JAKs
Tyrosine_phosphorylated_IL6_receptor_hexamer_Activated_JAKs_Tyrosine_phosphorylated_STAT1_STAT3__cyto					cytosol	M4	9606	imported from pilot_R-HSA-1059683; raw name: Tyrosine phosphorylated IL6 receptor hexamer:Activated JAKs:Tyrosine phosphorylated STAT1,STAT3
p_Y701_STAT1_dimer_p_Y705_STAT3_dimer_p_Y701_STAT1_p_Y705_STAT3__cyto					cytosol	M4	9606	imported from pilot_R-HSA-1059683; raw name: p-Y701-STAT1 dimer,p-Y705-STAT3 dimer,p-Y701-STAT1:p-Y705-STAT3
STAT1_STAT3__cyto					cytosol	M4	9606	imported from pilot_R-HSA-1059683; raw name: STAT1, STAT3
p_Y701_STAT1_p_Y705_STAT3__cyto					cytosol	M4	9606	imported from pilot_R-HSA-1059683; raw name: p-Y701-STAT1, p-Y705-STAT3
STAT1_3_homo_and_heterodimers__nuc					nucleus	M4	9606	imported from pilot_R-HSA-1059683; raw name: STAT1/3 homo and heterodimers
Tyrosine_phosphorylated_IL6_receptor_hexamer_Activated_JAKs_STAT1_STAT3__cyto					cytosol	M4	9606	imported from pilot_R-HSA-1059683; raw name: Tyrosine phosphorylated IL6 receptor hexamer:Activated JAKs:STAT1,STAT3
IL6_receptor_hexamer_JAKs__cyto					cytosol	M4	9606	imported from pilot_R-HSA-1059683; raw name: IL6 receptor hexamer:JAKs
Tyrosine_phosphorylated_IL6_receptor_hexamer_Activated_JAKs__cyto					cytosol	M4	9606	imported from pilot_R-HSA-1059683; raw name: Tyrosine phosphorylated IL6 receptor hexamer:Activated JAKs
Tyrosine_phosphorylated_IL6_receptor_hexamer_Activated_JAKs_SOCS3__cyto					cytosol	M4	9606	imported from pilot_R-HSA-1059683; raw name: Tyrosine phosphorylated IL6 receptor hexamer:Activated JAKs:SOCS3
Tyrosine_phosphorylated_IL6_receptor_hexamer_Activated_JAKs_PTPN11_CBL__cyto					cytosol	M4	9606	imported from pilot_R-HSA-1059683; raw name: Tyrosine phosphorylated IL6 receptor hexamer:Activated JAKs:PTPN11:CBL
IL6_Tyrosine_phosphorylated_hexameric_IL_6_receptor_Activated_JAKs_p_Y546_Y584_PTPN11__cyto					cytosol	M4	9606	imported from pilot_R-HSA-1059683; raw name: IL6:Tyrosine phosphorylated hexameric IL-6 receptor:Activated JAKs:p-Y546,Y584-PTPN11
Tyrosine_phosphorylated_IL6_receptor_hexamer_Activated_JAKs_PTPN11__cyto					cytosol	M4	9606	imported from pilot_R-HSA-1059683; raw name: Tyrosine phosphorylated IL6 receptor hexamer:Activated JAKs:PTPN11
Tyrosine_phosphorylated_IL6_receptor_hexamer_Activated_JAKs_Tyrosine_serine_phosphorylated_STAT1_3__cyto					cytosol	M4	9606	imported from pilot_R-HSA-1059683; raw name: Tyrosine phosphorylated IL6 receptor hexamer:Activated JAKs:Tyrosine/serine phosphorylated STAT1/3
IL6R__cyto	IL6R				cytosol	M4	9606	imported from pilot_R-HSA-1059683; raw name: IL6R
IL11__ext	IL11				extracellular	M4	9606	imported from pilot_R-HSA-1059683; raw name: IL11
IL6__ext	IL6				extracellular	M4	9606	imported from pilot_R-HSA-1059683; raw name: IL6
IL6ST__cyto	IL6ST				cytosol	M4	9606	imported from pilot_R-HSA-1059683; raw name: IL6ST
IL31_IL31RA_JAK1_OSMR_JAK1__cyto					cytosol	M4	9606	imported from pilot_R-HSA-1059683; raw name: IL31:IL31RA:JAK1:OSMR:JAK1
OSMR__cyto	OSMR				cytosol	M4	9606	imported from pilot_R-HSA-1059683; raw name: OSMR
IL11RA_IL11__cyto					cytosol	M4	9606	imported from pilot_R-HSA-1059683; raw name: IL11RA:IL11
IL11RA__cyto	IL11RA				cytosol	M4	9606	imported from pilot_R-HSA-1059683; raw name: IL11RA
IL6RA_IL6_IL6RB_JAKs__cyto					cytosol	M4	9606	imported from pilot_R-HSA-1059683; raw name: IL6RA:IL6:IL6RB:JAKs
CRLF1__cyto	CRLF1				cytosol	M4	9606	imported from pilot_R-HSA-1059683; raw name: CRLF1
CLCF1__ext	CLCF1				extracellular	M4	9606	imported from pilot_R-HSA-1059683; raw name: CLCF1
LIFR__cyto	LIFR				cytosol	M4	9606	imported from pilot_R-HSA-1059683; raw name: LIFR
LIF__ext	LIF				extracellular	M4	9606	imported from pilot_R-HSA-1059683; raw name: LIF
CTF1__ext	CTF1				extracellular	M4	9606	imported from pilot_R-HSA-1059683; raw name: CTF1
CNTFR__cyto	CNTFR				cytosol	M4	9606	imported from pilot_R-HSA-1059683; raw name: CNTFR
OSM__ext	OSM				extracellular	M4	9606	imported from pilot_R-HSA-1059683; raw name: OSM
CNTF__ext	CNTF				extracellular	M4	9606	imported from pilot_R-HSA-1059683; raw name: CNTF
CRLF1_CLCF1__cyto					cytosol	M4	9606	imported from pilot_R-HSA-1059683; raw name: CRLF1:CLCF1
CTF1_LIFR_JAKs__cyto					cytosol	M4	9606	imported from pilot_R-HSA-1059683; raw name: CTF1:LIFR:JAKs
CNTF_CNTFR_CRLF1_CLCF1_CNTFR_gp130_JAKs_LIFR_JAKs__cyto					cytosol	M4	9606	imported from pilot_R-HSA-1059683; raw name: CNTF:CNTFR,CRLF1:CLCF1:CNTFR:gp130:JAKs:LIFR:JAKs
LIF_OSM_receptor_complex_gp130__cyto					cytosol	M4	9606	imported from pilot_R-HSA-1059683; raw name: LIF,OSM receptor complex:gp130
OSM_OSMR_LIFR__cyto					cytosol	M4	9606	imported from pilot_R-HSA-1059683; raw name: OSM:OSMR,LIFR
CNTFR_CRLF1_CLCF1__cyto					cytosol	M4	9606	imported from pilot_R-HSA-1059683; raw name: CNTFR:CRLF1:CLCF1
CNTF_CNTFR__cyto					cytosol	M4	9606	imported from pilot_R-HSA-1059683; raw name: CNTF:CNTFR
LIFR_JAKs_OSMR_JAKs__cyto					cytosol	M4	9606	imported from pilot_R-HSA-1059683; raw name: LIFR:JAKs,OSMR:JAKs
LIF_LIFR_JAKs__cyto					cytosol	M4	9606	imported from pilot_R-HSA-1059683; raw name: LIF:LIFR:JAKs
CNTF_CNTFR_CRLF1_CLCF1_CNTFR_IL6ST_JAK1_JAK2_TYK2__cyto					cytosol	M4	9606	imported from pilot_R-HSA-1059683; raw name: CNTF:CNTFR,CRLF1:CLCF1:CNTFR:IL6ST:JAK1, JAK2, (TYK2)
CNTF_CNTFR_CRLF1_CLCF1_CNTFR__cyto					cytosol	M4	9606	imported from pilot_R-HSA-1059683; raw name: CNTF:CNTFR,CRLF1:CLCF1:CNTFR
LIF_OSM_CTF1_receptor_complex__cyto					cytosol	M4	9606	imported from pilot_R-HSA-1059683; raw name: LIF,OSM,CTF1 receptor complex
JAKs_LIFR__cyto					cytosol	M4	9606	imported from pilot_R-HSA-1059683; raw name: JAKs:LIFR
JAKs_OSMR__cyto					cytosol	M4	9606	imported from pilot_R-HSA-1059683; raw name: JAKs:OSMR
SOCS3__cyto	SOCS3				cytosol	M4	9606	imported from pilot_R-HSA-1059683; raw name: SOCS3
IL31_IL31RA_JAK1__cyto					cytosol	M4	9606	imported from pilot_R-HSA-1059683; raw name: IL31:IL31RA:JAK1
OSMR_JAK1__cyto					cytosol	M4	9606	imported from pilot_R-HSA-1059683; raw name: OSMR:JAK1
IL6R_IL6R_inhibitors__cyto					cytosol	M4	9606	imported from pilot_R-HSA-1059683; raw name: IL6R:IL6R inhibitors
IL6R_inhibitors__ext					extracellular	M4	9606	imported from pilot_R-HSA-1059683; raw name: IL6R inhibitors
IRF7__cyto	IRF7				cytosol	ssc_tier1	9606	wired by wire_ssc_tier1.py
MB21D1__cyto	MB21D1				cytosol	ssc_tier1	9606	wired by wire_ssc_tier1.py
TMEM173__cyto	TMEM173				cytosol	ssc_tier1	9606	wired by wire_ssc_tier1.py
DDX58__cyto	DDX58				cytosol	ssc_tier1	9606	wired by wire_ssc_tier1.py
MAVS__cyto	MAVS				cytosol	ssc_tier1	9606	wired by wire_ssc_tier1.py
TLR3__endo	TLR3				endosome	ssc_tier1	9606	wired by wire_ssc_tier1.py
TLR7__endo	TLR7				endosome	ssc_tier1	9606	wired by wire_ssc_tier1.py
TLR8__endo	TLR8				endosome	ssc_tier1	9606	wired by wire_ssc_tier1.py
TLR9__endo	TLR9				endosome	ssc_tier1	9606	wired by wire_ssc_tier1.py
TICAM1__cyto	TICAM1				cytosol	ssc_tier1	9606	wired by wire_ssc_tier1.py
TBK1__cyto	TBK1				cytosol	ssc_tier1	9606	wired by wire_ssc_tier1.py
IKBKE__cyto	IKBKE				cytosol	ssc_tier1	9606	wired by wire_ssc_tier1.py
SOCS1__cyto	SOCS1				cytosol	ssc_tier1	9606	wired by wire_ssc_tier1.py
PTPN2__cyto	PTPN2				cytosol	ssc_tier1	9606	wired by wire_ssc_tier1.py
LAP__ecm	LAP				ECM	ssc_tier1	9606	wired by wire_ssc_tier1.py
LTBP1__ecm	LTBP1				ECM	ssc_tier1	9606	wired by wire_ssc_tier1.py
THBS1__ecm	THBS1				ECM	ssc_tier1	9606	wired by wire_ssc_tier1.py
RHOA__cyto	RHOA				cytosol	ssc_tier1	9606	wired by wire_ssc_tier1.py
ROCK1__cyto	ROCK1				cytosol	ssc_tier1	9606	wired by wire_ssc_tier1.py
ROCK2__cyto	ROCK2				cytosol	ssc_tier1	9606	wired by wire_ssc_tier1.py
YAP1__cyto	YAP1				cytosol	ssc_tier1	9606	wired by wire_ssc_tier1.py
TAZ__cyto	TAZ				cytosol	ssc_tier1	9606	wired by wire_ssc_tier1.py
ACTA2__cyto	ACTA2				cytosol	ssc_tier1	9606	wired by wire_ssc_tier1.py
COL1A1__ext	COL1A1				extracellular	ssc_tier1	9606	wired by wire_ssc_tier1.py
COL1A2__ext	COL1A2				extracellular	ssc_tier1	9606	wired by wire_ssc_tier1.py
COL3A1__ext	COL3A1				extracellular	ssc_tier1	9606	wired by wire_ssc_tier1.py
COL5A1__ext	COL5A1				extracellular	ssc_tier1	9606	wired by wire_ssc_tier1.py
COL5A2__ext	COL5A2				extracellular	ssc_tier1	9606	wired by wire_ssc_tier1.py
FN1__ecm	FN1				ECM	ssc_tier1	9606	wired by wire_ssc_tier1.py
POSTN__ecm	POSTN				ECM	ssc_tier1	9606	wired by wire_ssc_tier1.py
COMP__ecm	COMP				ECM	ssc_tier1	9606	wired by wire_ssc_tier1.py
TNC__ecm	TNC				ECM	ssc_tier1	9606	wired by wire_ssc_tier1.py
LOX__ecm	LOX				ECM	ssc_tier1	9606	wired by wire_ssc_tier1.py
LOXL2__ecm	LOXL2				ECM	ssc_tier1	9606	wired by wire_ssc_tier1.py
FOSL2__nuc	FOSL2				nucleus	ssc_tier1	9606	wired by wire_ssc_tier1.py
TBX2__nuc	TBX2				nucleus	ssc_tier1	9606	wired by wire_ssc_tier1.py
EDN1__ext	EDN1				extracellular	ssc_tier1	9606	wired by wire_ssc_tier1.py
EDNRA__pm	EDNRA				plasma_membrane	ssc_tier1	9606	wired by wire_ssc_tier1.py
EDNRB__pm	EDNRB				plasma_membrane	ssc_tier1	9606	wired by wire_ssc_tier1.py
NOS3__pm	NOS3				plasma_membrane	ssc_tier1	9606	wired by wire_ssc_tier1.py
NO__ext	NO				extracellular	ssc_tier1	9606	wired by wire_ssc_tier1.py
PDE5A__cyto	PDE5A				cytosol	ssc_tier1	9606	wired by wire_ssc_tier1.py
ARNT__cyto	ARNT				cytosol	ssc_tier1	9606	wired by wire_ssc_tier1.py
VEGFA__ext	VEGFA				extracellular	ssc_tier1	9606	wired by wire_ssc_tier1.py
KDR__ext	KDR				extracellular	ssc_tier1	9606	wired by wire_ssc_tier1.py
CDH5__pm	CDH5				plasma_membrane	ssc_tier1	9606	wired by wire_ssc_tier1.py
CD31__pm	CD31				plasma_membrane	ssc_tier1	9606	wired by wire_ssc_tier1.py
VWF__pm	VWF				plasma_membrane	ssc_tier1	9606	wired by wire_ssc_tier1.py
TEK__pm	TEK				plasma_membrane	ssc_tier1	9606	wired by wire_ssc_tier1.py
NOTCH3__pm	NOTCH3				plasma_membrane	ssc_tier1	9606	wired by wire_ssc_tier1.py
RBPJ__pm	RBPJ				plasma_membrane	ssc_tier1	9606	wired by wire_ssc_tier1.py
SNAI1__nuc	SNAI1				nucleus	ssc_tier1	9606	wired by wire_ssc_tier1.py
SNAI2__nuc	SNAI2				nucleus	ssc_tier1	9606	wired by wire_ssc_tier1.py
ZEB1__nuc	ZEB1				nucleus	ssc_tier1	9606	wired by wire_ssc_tier1.py
ZEB2__nuc	ZEB2				nucleus	ssc_tier1	9606	wired by wire_ssc_tier1.py
TWIST1__nuc	TWIST1				nucleus	ssc_tier1	9606	wired by wire_ssc_tier1.py
CDH2__pm	CDH2				plasma_membrane	ssc_tier1	9606	wired by wire_ssc_tier1.py
FAP__pm	FAP				plasma_membrane	ssc_tier1	9606	wired by wire_ssc_tier1.py
FSP1__pm	FSP1				plasma_membrane	ssc_tier1	9606	wired by wire_ssc_tier1.py
ANGPT1__ext	ANGPT1				extracellular	ssc_tier1	9606	wired by wire_ssc_tier1.py
ANGPT2__ext	ANGPT2				extracellular	ssc_tier1	9606	wired by wire_ssc_tier1.py
COX_2__er	COX-2				ER	ssc_tier1	9606	wired by wire_ssc_tier1.py
TBXA2R__pm	TBXA2R				plasma_membrane	ssc_tier1	9606	wired by wire_ssc_tier1.py
IL4__ext	IL4				extracellular	ssc_tier1	9606	wired by wire_ssc_tier1.py
IL4R__ext	IL4R				extracellular	ssc_tier1	9606	wired by wire_ssc_tier1.py
IL13__ext	IL13				extracellular	ssc_tier1	9606	wired by wire_ssc_tier1.py
IL13RA1__ext	IL13RA1				extracellular	ssc_tier1	9606	wired by wire_ssc_tier1.py
GATA3__nuc	GATA3				nucleus	ssc_tier1	9606	wired by wire_ssc_tier1.py
TBX21__nuc	TBX21				nucleus	ssc_tier1	9606	wired by wire_ssc_tier1.py
FOXP3__nuc	FOXP3				nucleus	ssc_tier1	9606	wired by wire_ssc_tier1.py
RORC__nuc	RORC				nucleus	ssc_tier1	9606	wired by wire_ssc_tier1.py
MS4A1__pm	MS4A1				plasma_membrane	ssc_tier1	9606	wired by wire_ssc_tier1.py
CD19__pm	CD19				plasma_membrane	ssc_tier1	9606	wired by wire_ssc_tier1.py
CD22__pm	CD22				plasma_membrane	ssc_tier1	9606	wired by wire_ssc_tier1.py
CD79A__pm	CD79A				plasma_membrane	ssc_tier1	9606	wired by wire_ssc_tier1.py
CD79B__pm	CD79B				plasma_membrane	ssc_tier1	9606	wired by wire_ssc_tier1.py
BLK__cyto	BLK				cytosol	ssc_tier1	9606	wired by wire_ssc_tier1.py
SYK__cyto	SYK				cytosol	ssc_tier1	9606	wired by wire_ssc_tier1.py
BTK__cyto	BTK				cytosol	ssc_tier1	9606	wired by wire_ssc_tier1.py
LYN__cyto	LYN				cytosol	ssc_tier1	9606	wired by wire_ssc_tier1.py
CD40__pm	CD40				plasma_membrane	ssc_tier1	9606	wired by wire_ssc_tier1.py
CD154__pm	CD154				plasma_membrane	ssc_tier1	9606	wired by wire_ssc_tier1.py
BLIMP1__nuc	BLIMP1				nucleus	ssc_tier1	9606	wired by wire_ssc_tier1.py
XBP1__nuc	XBP1				nucleus	ssc_tier1	9606	wired by wire_ssc_tier1.py
IRF4__nuc	IRF4				nucleus	ssc_tier1	9606	wired by wire_ssc_tier1.py
BCMA__ext	BCMA				extracellular	ssc_tier1	9606	wired by wire_ssc_tier1.py
TNFSF13B__ext	TNFSF13B				extracellular	ssc_tier1	9606	wired by wire_ssc_tier1.py
TNFSF13__ext	TNFSF13				extracellular	ssc_tier1	9606	wired by wire_ssc_tier1.py
dsDNA__cyto					cytosol	M1	9606	wired by wire_ssc_tier1.py
cGAMP__cyto					cytosol	M1	9606	wired by wire_ssc_tier1.py
TMEM173_active__er					ER	M1	9606	wired by wire_ssc_tier1.py
IRF3_p__nuc					nucleus	M1	9606	wired by wire_ssc_tier1.py
IFNB1__ext	IFNB1				extracellular	M1	9606	wired by wire_ssc_tier1.py
IRF7_p__nuc					nucleus	M1	9606	wired by wire_ssc_tier1.py
IFNA1__ext	IFNA1				extracellular	M1	9606	wired by wire_ssc_tier1.py
DDX58_MAVS__mito					mitochondrion	M1	9606	wired by wire_ssc_tier1.py
CXCL4__ext	CXCL4				extracellular	M1	9606	wired by wire_ssc_tier1.py
pDC_activated__cell					cell	M1	9606	wired by wire_ssc_tier1.py
phenotype_ISG_signature__cell					cell	M1	9606	wired by wire_ssc_tier1.py
TGFB1__ext	TGFB1				extracellular	M2	9606	wired by wire_ssc_tier1.py
SMAD3_p__cyto					cytosol	M2	9606	wired by wire_ssc_tier1.py
SMAD3p_SMAD4__nuc					nucleus	M2	9606	wired by wire_ssc_tier1.py
CTGF__ext	CTGF				extracellular	M2	9606	wired by wire_ssc_tier1.py
fibroblast_proFibrotic__cell					cell	M2	9606	wired by wire_ssc_tier1.py
stiffened_ECM__ecm					ECM	M2	9606	wired by wire_ssc_tier1.py
YAP1_TAZ_active__nuc					nucleus	M2	9606	wired by wire_ssc_tier1.py
FOSL2_TBX2__nuc					nucleus	M2	9606	wired by wire_ssc_tier1.py
PDGFA__ext	PDGFA				extracellular	M2	9606	wired by wire_ssc_tier1.py
PDGFB__ext	PDGFB				extracellular	M2	9606	wired by wire_ssc_tier1.py
PDGFRB__pm	PDGFRB				plasma_membrane	M2	9606	wired by wire_ssc_tier1.py
phenotype_myofibroblast_activation__cell					cell	M2	9606	wired by wire_ssc_tier1.py
phenotype_ECM_deposition__ecm					ECM	M2	9606	wired by wire_ssc_tier1.py
EDN1_EDNRA_complex__pm					plasma_membrane	M3	9606	wired by wire_ssc_tier1.py
vasoconstriction__cell					cell	M3	9606	wired by wire_ssc_tier1.py
cGMP__cyto					cytosol	M3	9606	wired by wire_ssc_tier1.py
GMP__cyto	GMP				cytosol	M3	9606	wired by wire_ssc_tier1.py
HIF1A_active__nuc					nucleus	M3	9606	wired by wire_ssc_tier1.py
VEGFA_KDR_complex__pm					plasma_membrane	M3	9606	wired by wire_ssc_tier1.py
CDH5_repressed__pm					plasma_membrane	M3	9606	wired by wire_ssc_tier1.py
phenotype_vascular_remodelling__cell					cell	M3	9606	wired by wire_ssc_tier1.py
IL4_IL4R_complex__pm					plasma_membrane	M4	9606	wired by wire_ssc_tier1.py
IL13_complex__pm					plasma_membrane	M4	9606	wired by wire_ssc_tier1.py
STAT6_p__cyto					cytosol	M4	9606	wired by wire_ssc_tier1.py
JAK1__cyto	JAK1				cytosol	M4	9606	wired by wire_ssc_tier1.py
JAK2__cyto	JAK2				cytosol	M4	9606	wired by wire_ssc_tier1.py
STAT6_p_dimer__nuc					nucleus	M4	9606	wired by wire_ssc_tier1.py
Th2_cell__cell					cell	M4	9606	wired by wire_ssc_tier1.py
BCR_activated__cell					cell	M4	9606	wired by wire_ssc_tier1.py
rituximab_bound_Bcell__pm					plasma_membrane	M4	9606	wired by wire_ssc_tier1.py
BAFF_BCMA_complex__pm					plasma_membrane	M4	9606	wired by wire_ssc_tier1.py
phenotype_autoAb_production__ext					extracellular	M4	9606	wired by wire_ssc_tier1.py
STAT3__cyto	STAT3				cytosol	crosstalk	9606	wired by wire_ssc_tier1.py
STAT6__cyto	STAT6				cytosol	crosstalk	9606	wired by wire_ssc_tier1.py
ANGPT1_TEK_complex__pm					plasma_membrane	M3	9606	wired by wire_ssc_tier1.py
ANGPT2_TEK_complex__pm					plasma_membrane	M3	9606	wired by wire_ssc_tier1.py
TBXA2R_signal__pm					plasma_membrane	M3	9606	wired by wire_ssc_tier1.py
HIF1A_ARNT__nuc					nucleus	M3	9606	wired by wire_ssc_tier1.py
BAFF_BCMA__pm					plasma_membrane	M4	9606	wired by wire_ssc_tier1.py
Th_lineage_committed__cell					cell	M4	9606	wired by wire_ssc_tier1.py
JAK1_inhibited__cyto					cytosol	M1	9606	wired by wire_ssc_tier1.py
NOTCH3_JAG1_complex__pm					plasma_membrane	M3	9606	wired by wire_ssc_tier1.py
